[
  {
    "name": "guest_id_marketing",
    "value": "v1%3A174819971127954877",
    "domain": ".x.com",
    "path": "/",
    "expires": 1782759720.881179,
    "httpOnly": false,
    "secure": true,
    "sameSite": "None"
  },
  {
    "name": "guest_id_ads",
    "value": "v1%3A174819971127954877",
    "domain": ".x.com",
    "path": "/",
    "expires": 1782759720.881122,
    "httpOnly": false,
    "secure": true,
    "sameSite": "None"
  },
  {
    "name": "guest_id",
    "value": "v1%3A174819971127954877",
    "domain": ".x.com",
    "path": "/",
    "expires": 1782759711.787933,
    "httpOnly": false,
    "secure": true,
    "sameSite": "None"
  },
  {
    "name": "personalization_id",
    "value": "\"v1_J8WEFjEMc1E6fjrF/6LIZA==\"",
    "domain": ".x.com",
    "path": "/",
    "expires": 1782759711.887726,
    "httpOnly": false,
    "secure": true,
    "sameSite": "None"
  },
  {
    "name": "gt",
    "value": "1926715352362213858",
    "domain": ".x.com",
    "path": "/",
    "expires": 1748208711.887847,
    "httpOnly": false,
    "secure": true,
    "sameSite": "Lax"
  },
  {
    "name": "guest_id_marketing",
    "value": "v1%3A174819971436031375",
    "domain": ".twitter.com",
    "path": "/",
    "expires": 1782759714.935261,
    "httpOnly": false,
    "secure": true,
    "sameSite": "None"
  },
  {
    "name": "guest_id_ads",
    "value": "v1%3A174819971436031375",
    "domain": ".twitter.com",
    "path": "/",
    "expires": 1782759714.935293,
    "httpOnly": false,
    "secure": true,
    "sameSite": "None"
  },
  {
    "name": "personalization_id",
    "value": "\"v1_fkscfFZrHF8fuQ2935xn+g==\"",
    "domain": ".twitter.com",
    "path": "/",
    "expires": 1782759714.935311,
    "httpOnly": false,
    "secure": true,
    "sameSite": "None"
  },
  {
    "name": "guest_id",
    "value": "v1%3A174819971436031375",
    "domain": ".twitter.com",
    "path": "/",
    "expires": 1782759714.935324,
    "httpOnly": false,
    "secure": true,
    "sameSite": "None"
  },
  {
    "name": "__cf_bm",
    "value": "CJApxpS08LxNLW5Uo6q8sP_Hb0g.Lmhq5JlJ1qRTOvI-1748199714-1.0.1.1-YtODAC1sqPJgcWPLBsMAKlcH3udgAORxo4XmNkMbkjqcLieloi0mWajDHcu7W7P.7GXUk5iz2jU59ME9sy0wKWqN787zJVFSZygkncu7w38",
    "domain": ".twitter.com",
    "path": "/",
    "expires": 1748201514.935331,
    "httpOnly": true,
    "secure": true,
    "sameSite": "None"
  },
  {
    "name": "kdt",
    "value": "QChgQkaBI0Q1exSNH2rU0hbPH0MwzbJONjevGxZb",
    "domain": ".x.com",
    "path": "/",
    "expires": 1782759717.949895,
    "httpOnly": true,
    "secure": true,
    "sameSite": "Lax"
  },
  {
    "name": "auth_token",
    "value": "20e255d87142511a9b7db41ff678a727483942b3",
    "domain": ".x.com",
    "path": "/",
    "expires": 1782759717.949988,
    "httpOnly": true,
    "secure": true,
    "sameSite": "None"
  },
  {
    "name": "ct0",
    "value": "848fa2690bd784fc7f62d835aaed2ec354b3b7264a67688207871afa47017050b6865c0ca9b66ca4781f65df6cf0f033d328d9d4697b042ea9eae666c1d1ff1340019f6334aa1cba913e99cb041375c2",
    "domain": ".x.com",
    "path": "/",
    "expires": 1782759718.886788,
    "httpOnly": false,
    "secure": true,
    "sameSite": "Lax"
  },
  {
    "name": "att",
    "value": "1-yKoatoNaRo2cq8UZPYPgzuMBTFHMt4Y1SLgZtlk0",
    "domain": ".x.com",
    "path": "/",
    "expires": 1748286119.299981,
    "httpOnly": true,
    "secure": true,
    "sameSite": "None"
  },
  {
    "name": "lang",
    "value": "en",
    "domain": "x.com",
    "path": "/",
    "expires": -1,
    "httpOnly": false,
    "secure": false,
    "sameSite": "Lax"
  },
  {
    "name": "twid",
    "value": "u%3D1912140938857840641",
    "domain": ".x.com",
    "path": "/",
    "expires": 1779735720.881192,
    "httpOnly": false,
    "secure": true,
    "sameSite": "None"
  },
  {
    "name": "__cf_bm",
    "value": "FLHGvAf5oRzJZN5bGgXJyKNBmlG0KeZQ2t75W6Yr9Fg-1748199719-1.0.1.1-0L5VNqIPkbXkYZwzF81OWeA3mv1I4NY.4fztGrwtWEfLgXMpKFRF4ciUCEA5nl2zgMTtkkYI4juUGg5qSN85s5fOe0xp0.P6UlYT.XqJ6cA",
    "domain": ".x.com",
    "path": "/",
    "expires": 1748201520.360116,
    "httpOnly": true,
    "secure": true,
    "sameSite": "None"
  }
]