[{"name": "guest_id_marketing", "value": "v1%3A174472296081609373", "domain": ".x.com", "path": "/", "expires": 1779282976.363088, "httpOnly": false, "secure": true, "sameSite": "None"}, {"name": "guest_id_ads", "value": "v1%3A174472296081609373", "domain": ".x.com", "path": "/", "expires": 1779282976.363026, "httpOnly": false, "secure": true, "sameSite": "None"}, {"name": "guest_id", "value": "v1%3A174472296081609373", "domain": ".x.com", "path": "/", "expires": 1779282962.475068, "httpOnly": false, "secure": true, "sameSite": "None"}, {"name": "__cf_bm", "value": "D94eUw_C1iOM0aNSDPy1luGWS7GsvYW.ibcIIdrFZ.o-1744722960-1.0.1.1-a94pgLA.YJO8uD5gHzAsfZWEWwM00RgQqe9CpfKG7ajbsjF1yP4ekxa6zUQDOfbKqnCyHxOy2Y_bsREb2aRXVHfQY2AIbfUmej64PWb13d0", "domain": ".x.com", "path": "/", "expires": 1744724762.475088, "httpOnly": true, "secure": true, "sameSite": "None"}, {"name": "gt", "value": "1912132803992416682", "domain": ".x.com", "path": "/", "expires": 1744731962.537376, "httpOnly": false, "secure": true, "sameSite": "Lax"}, {"name": "guest_id_marketing", "value": "v1%3A174472296276020175", "domain": ".twitter.com", "path": "/", "expires": 1779282964.426579, "httpOnly": false, "secure": true, "sameSite": "None"}, {"name": "guest_id_ads", "value": "v1%3A174472296276020175", "domain": ".twitter.com", "path": "/", "expires": 1779282964.426616, "httpOnly": false, "secure": true, "sameSite": "None"}, {"name": "personalization_id", "value": "\"v1_b/6dx0cqgw25MyegzTq/9g==\"", "domain": ".twitter.com", "path": "/", "expires": 1779282964.426636, "httpOnly": false, "secure": true, "sameSite": "None"}, {"name": "guest_id", "value": "v1%3A174472296276020175", "domain": ".twitter.com", "path": "/", "expires": 1779282964.426647, "httpOnly": false, "secure": true, "sameSite": "None"}, {"name": "__cf_bm", "value": "iCUgZYnYgCJ0_A_2a_Q8fH6G8ikHIV0zcQyG834QToM-1744722962-1.0.1.1-SonoXDBqzqifhSNipgOtZswE7H9651YGCvreZ8D3RciGypMyQxTcJJsxcZYa7TuILVp9EyUj11B5g0v4ne_u3W0jVTzMFnYd891wX2zC8kI", "domain": ".twitter.com", "path": "/", "expires": 1744724764.426656, "httpOnly": true, "secure": true, "sameSite": "None"}, {"name": "kdt", "value": "PPoZC57FueoXu2FQ9CQbkv34GUTWhZ63RViRufoK", "domain": ".x.com", "path": "/", "expires": 1779282974.056733, "httpOnly": true, "secure": true, "sameSite": "Lax"}, {"name": "auth_token", "value": "5b68584f77c379474040f5aeb73d097bb51ad849", "domain": ".x.com", "path": "/", "expires": 1779282974.056825, "httpOnly": true, "secure": true, "sameSite": "None"}, {"name": "ct0", "value": "4d975616327e54c3ca30f55aa7be9d1f48eefc149de73e2c90573805f6432c05bf685cba3e2db5451591ca13862bc40bfb81c768b251f5eab1f58366fadb3ec35a2af980efd4169d7d41908dd7c3da60", "domain": ".x.com", "path": "/", "expires": 1779282974.709397, "httpOnly": false, "secure": true, "sameSite": "Lax"}, {"name": "lang", "value": "en", "domain": ".x.com", "path": "/", "expires": -1, "httpOnly": false, "secure": false, "sameSite": "Lax"}, {"name": "twid", "value": "u%3D1912130406775988225", "domain": ".x.com", "path": "/", "expires": 1776258976.363118, "httpOnly": false, "secure": true, "sameSite": "None"}, {"name": "att", "value": "1-MV5oiLNZxEUMVK4qgXfPT2q01LaqIZWFSX6PmXPI", "domain": ".x.com", "path": "/", "expires": 1744809375.127258, "httpOnly": true, "secure": true, "sameSite": "None"}, {"name": "twid", "value": "u%3D1912130406775988225", "domain": ".twitter.com", "path": "/", "expires": 1779282975.86923, "httpOnly": false, "secure": true, "sameSite": "None"}, {"name": "personalization_id", "value": "\"v1_b/6dx0cqgw25MyegzTq/9g==\"", "domain": ".x.com", "path": "/", "expires": 1776258975.870551, "httpOnly": false, "secure": true, "sameSite": "None"}, {"name": "IDE", "value": "AHWqTUlZqra0k2rPZLrfc9sbvoxmYDlPCdwFJPWDFeDFkMIuzMd61q4Yu2UAi0PZipc", "domain": ".doubleclick.net", "path": "/", "expires": 1779282976.722353, "httpOnly": true, "secure": true, "sameSite": "None"}]
